{
  "metadata": {
    "timestamp": "2026-01-09T19:37:57.356427",
    "total_queries": 9,
    "tags_filter": [
      "core"
    ]
  },
  "v1_summary": {
    "total": 9,
    "good_count": 0,
    "fair_count": 7,
    "poor_count": 2,
    "good_pct": 0.0,
    "fair_pct": 77.77777777777779,
    "poor_pct": 22.22222222222222,
    "avg_retrieval_score": 0.44002871804943955,
    "avg_topic_coverage": 0.712962962962963,
    "avg_latency_ms": 4229.371759442276,
    "worst_queries": [
      [
        "monte_carlo_50th_percentile",
        0.3772243546356398
      ],
      [
        "portfolio_efficient_frontier",
        0.3980654320568488
      ],
      [
        "risk_tracking_error_interpretation",
        0.41802264968803643
      ],
      [
        "portfolio_frontier_interpretation",
        0.4205929970689784
      ],
      [
        "monte_carlo_95th_percentile",
        0.44716675587026333
      ]
    ]
  },
  "v2_summary": {
    "total": 9,
    "good_count": 0,
    "fair_count": 0,
    "poor_count": 9,
    "good_pct": 0.0,
    "fair_pct": 0.0,
    "poor_pct": 100.0,
    "avg_retrieval_score": 0.0,
    "avg_topic_coverage": 0.6851851851851852,
    "avg_latency_ms": 27060.020680660575,
    "worst_queries": [
      [
        "monte_carlo_5th_percentile",
        0.0
      ],
      [
        "monte_carlo_50th_percentile",
        0.0
      ],
      [
        "monte_carlo_95th_percentile",
        0.0
      ],
      [
        "risk_tracking_error",
        0.0
      ],
      [
        "risk_tracking_error_interpretation",
        0.0
      ]
    ]
  },
  "comparison": {
    "retrieval_diff": -0.44002871804943955,
    "latency_diff_ms": 22830.6489212183,
    "topic_coverage_diff": -0.02777777777777779
  }
}